rank,platform,keyword_theme,working_title,angle,primary_audience,format,canonical_strategy,cta,status,priority_score
1,Medium,why webinar reminders fail,Why Webinar Reminders Fail When the Inbox Gets Crowded,Explain the visibility problem in webinar funnels and show why surface-level reminder placement matters more than adding more email volume,webinar operators,essay,Canonical to ShowFi if republished,See how ShowFi uses wallet passes to surface reminders when webinars are about to start,ready,96
2,LinkedIn Articles,booked call show rate,Booked Calls Do Not Have a Lead Problem. They Have a Visibility Problem,Operator POV for agency owners and sales leaders on why booked calls get missed even in healthy funnels,agency owners and sales teams,article or newsletter,Original or heavy rewrite,ShowFi is one implementation path for wallet-based booked-call reminders,ready,95
3,LinkedIn Newsletter,attendance systems newsletter,Attendance Systems: Why Good Reminders Still Miss the Event Moment,Turn LinkedIn's built-in newsletter subscriptions into a recurring operator series on retrieval friction and wallet visibility near the live moment; keep it as a single founder-led newsletter because LinkedIn caps authors at five newsletters and the first issue drives the main subscriber invite,agency owners revops leaders and webinar operators,newsletter edition,Original only,Point readers to ShowFi examples only after the framework lands,ready,94
4,Substack,inbox-first reminder systems,Inbox-First Reminder Systems Underperform at the Worst Possible Moment,Memo-style category piece on why email and SMS fail near the event moment and what operators should do instead,operators and consultants,newsletter essay,Original only,Invite readers to review wallet reminder examples on ShowFi.io,ready,94
5,Hashnode,GoHighLevel wallet passes,How Agencies Can Use GoHighLevel With Wallet Passes for Better Show Rate,Technical-operational walkthrough for agencies using GHL and wallet claims to improve attendance; prefer Hashnode as the original home when ShowFi can publish on a Hashnode custom domain,technical marketers and revops builders,tutorial,Prefer original on Hashnode; canonical from derivatives,Use ShowFi instead of building the wallet layer from scratch,ready,93
6,DEV Community,event reminder automation,Building an Event Reminder System That Does Not Depend on the Inbox,Developer-facing architecture piece for wallet-trigger reminder flows across booked calls and events,developers and automation builders,tutorial,Canonical if adapted,ShowFi is the implementation shortcut if you do not want to build the stack,ready,90
7,CMSWire,journey retrieval friction,Customers Keep Commitments When the Next Step Stays Visible,High-trust CX and DX contribution framing attendance and appointment follow-through as a retrieval-friction problem at the live moment; CMSWire's live 2026 editorial calendar now gives this draft a timely `Journey-Led Transformation` and `Predictive Stack` fit instead of a generic evergreen pitch,digital experience leaders,editorial contribution,Original only,Author bio only and no product-led body copy,ready,91
8,DestinationCRM,CRM follow-through design,Why Customers Miss Appointments and Events They Intended to Keep,CRM and CX Viewpoints piece on follow-through design and retrieval friction for demos onboarding sessions webinars and service appointments; the current Viewpoints guidelines are unusually explicit and make this a stronger open editorial lane than softer martech contributor paths,CRM leaders and CX operators,Viewpoints contributed article,Original only,Use author bio only and keep the body vendor-neutral,ready,89
9,MarketingProfs,webinar attendance marketing ops,Why Webinar Attendance Breaks After Registration and What B2B Marketers Should Fix,Enterprise B2B marketing how-to piece framing attendance loss as a post-conversion operations problem rather than a top-of-funnel problem; MarketingProfs explicitly covers Event Marketing Marketing Operations and Customer Experience so the fit is stronger than a generic martech pitch even though the queue is slower,B2B marketers and demand-gen leaders,how-to article,Original on MarketingProfs first; republish only after publication with attribution back to MarketingProfs,Use a restrained bio CTA pointing to ShowFi's wallet reminder workflows,ready,88
10,CustomerThink,approved-author attendance visibility,Customers Keep More Commitments When the Next Step Stays Visible,Shorter approved-author lane built for CustomerThink's faster moderator review: a single-author first-person executive post for CX service and revenue leaders on follow-through visibility across demos webinars onboarding and service appointments,heads of CX service and revenue operations,approved-author blog,Original only; later reprints require CustomerThink permission plus attribution to the original URL,Keep product language in the author bio and use branded or plain links only if needed,ready,88
11,CX Today,customer commitment visibility,The Last Mile of Customer Commitment Is a Visibility Problem,Frame missed demos webinars appointments and onboarding sessions as a visibility and recoverability problem inside the customer journey rather than a reminder-frequency problem; CX Today's live guest-blog checklist is explicit enough to treat this as a real near-term lane because the current draft already fits the 500 to 1,000-word window and the body-link ban keeps the piece category-led,CX leaders and CRM or contact-center operators,guest article,Original only,Use author bio only and keep the body vendor-neutral,ready,87
12,MarketingTech News,Apple Wallet pass software for marketers,Why Apple Wallet Pass Software Belongs in the Modern Marketing Stack,Strategic thought leadership for marketers who already use landing pages email and SMS but still lose attendance,martech buyers and marketers,thought leadership,Ask editor,ShowFi offers Apple Wallet and Google Wallet flows for attendance-focused teams,pitch,85
13,CustomerThink,customer journey reminder design,Reminder Systems Are a Customer Experience Problem,Longer article lane for CustomerThink once the package includes true examples first-person operator framing and supporting evidence; keep it human-led cited and non-promotional,CX and revenue leaders,feature article,Original only; later reprints require CustomerThink permission plus attribution to the original URL,Author bio should point to ShowFi; avoid SEO-style anchor text and keep any in-body CTA under CustomerThink's promotional threshold,draft,84
14,Customer Experience Magazine,customer commitment recoverability,Customers Keep Commitments When the Next Step Stays Recoverable,Executive CX piece on retrieval friction across booked calls webinars onboarding and live events; CXM's live contributors and contribute flow make this a cleaner near-term CX outlet when the pitch is proposal-first evidence-backed and written to editorial specs,CX leaders and service designers,contributed article,Original only,Author bio CTA only,ready,86
15,The CX Lead,customer commitment visibility,Customers Keep More Commitments When the Next Step Stays Visible,Practitioner-led SaaS CX framing for onboarding demos training and scheduled customer moments where the failure is low recoverability near the appointment rather than low intent; The CX Lead's live write-for-us flow now makes this more actionable because it accepts a rough draft or short two-paragraph pitch plus outline and explicitly wants a strong human point of view for SaaS CX and service leaders,CX leaders and customer-success operators,contributed article,Original only,Keep the body vendor-neutral and use the author bio only,ready,86
16,CX Dive,scheduled customer moments visibility,Customers Miss Fewer Scheduled Moments When the Next Step Is Easy to Recover,Industry Dive authority is real but the current official path is still newsroom contact tips and press-release intake rather than a true contributed-article lane; keep this as a low-probability relationship play and do not prioritize it ahead of explicit contributor surfaces,CX leaders and customer-experience operators,guest opinion article,Original only,Keep product language in the author bio and make the body category-led,park,74
17,Medium,Apple Wallet vs email reminders,Apple Wallet vs Email Reminders for Live Events,Compare channel behavior at the moment attendance decisions happen,event marketers,comparison essay,Canonical to ShowFi if republished,ShowFi combines wallet delivery with event reminder operations,ready,84
18,LinkedIn Articles,live event reminders,Better Reminder Systems for Live Events,Short operator article on reducing event-day drop-off without blasting more messages,event teams and marketers,article,Original or heavy rewrite,Reference ShowFi as a practical wallet-based path,ready,83
19,SmartCustomerService,service appointment no-shows,Why Service Appointments Fail When the Next Step Is Hard to Recover,Customer-service and support operator framing for missed appointments demos onboarding sessions and scheduled support interactions where the issue is recoverability not reminder volume; SmartCustomerService's live editorial page now makes this a clearer near-term pitch because it specifies an original vendor-neutral ~800-word column package and a no-attachment email-body workflow,CX and service leaders,vendor-neutral contributed column,Original only,Use author bio only and keep the body operational rather than product-led,ready,87
20,ICMI,service appointment reliability,Missed Service Appointments Are a Reliability Problem,Contact-center and service-operations framing for callbacks onboarding sessions and scheduled appointments where the operating failure is inconsistent recoverability near the live moment rather than weak intent; ICMI's current 2026 contributor bylines plus the live community contact path make this a credible relationship-first lane for reliability-led service thought leadership,contact center leaders and service operations teams,featured contributor article,Original only; relationship-first contributor lane,Keep the body vendor-neutral and use author bio attribution only,qualify,83
21,CX Network,customer journey recoverability,Customer Commitments Break When the Next Step Is Hard to Find on Mobile,Executive CX framing around recoverability for demos onboarding appointments and live events; CX Network's current positioning as a 176,000-plus CX community and active thought-leadership surface make it a credible relationship-first pitch lane when the draft stays evidence-backed and vendor-neutral,CX leaders and customer-journey operators,contributed article,Original only,Use author bio only and keep the body category-led,pitch,82
22,CCW Digital,scheduled callback recoverability,Scheduled Callbacks Fail When the Recovery Path Lives in the Inbox,Contact-center and service-operations angle on callbacks virtual appointments and scheduled support moments that break when customers cannot quickly recover the next step on mobile; CCW Digital's active contributor roster plus 185,000-plus member community make it a credible relationship-first service lane when the copy stays practical and vendor-neutral,contact center leaders and service operations teams,contributed article,Original only; relationship-first contributor lane,Keep the body vendor-neutral and use author bio attribution only,qualify,82
23,Substack,Google Wallet Android audiences,If Half Your Audience Uses Android Your Reminder Strategy Cannot Stop at Apple Wallet,Educate operators on cross-platform wallet support and why Android event audiences matter,operators and consultants,newsletter essay,Original only,ShowFi supports both Apple Wallet and Google Wallet,ready,82
24,HackerNoon,Apple Wallet reminders,Apple Wallet Passes Are an Underused Layer in Event-Tech Infrastructure,Tech/startup framing around wallet passes as overlooked engagement infrastructure,startup builders and product-minded marketers,explainer,Original preferred,Link once to ShowFi as a product example,draft,81
25,CustomerThink,booked call attendance,Booked-Call Attendance Starts With Commitment Design,Connect calendar friction commitment and event visibility into a practical attendance system,sales and CX leaders,feature article,Original only,Keep CTA to author bio plus one mention,pitch,80
26,MarketingTech News,Google Wallet support for events,Why Google Wallet Support Matters for Android Event Audiences,Strategic buyer-facing article on Android coverage and attendance impact,martech leaders,thought leadership,Ask editor,ShowFi gives marketers both wallet rails in one workflow,pitch,79
27,MarTech,attendance visibility martech stack,Attendance Visibility Is the Missing Layer in the Martech Stack,Position wallet passes as overlooked operations infrastructure that protects show rate after conversion has already happened; treat MarTech as a relationship-first contributor surface where invited experts publish under editorial oversight,marketing operations leaders and martech buyers,contributed column,Original only and invited contributor model,Keep product mention to author bio or one restrained line if invited,qualify,78
28,Hashnode,wallet claim flows,Designing Wallet Claim Flows for Webinars Challenges and Calls,Implementation-focused article on claim flows and attendance mechanics,technical marketers and implementers,tutorial,Canonical if adapted,ShowFi already ships claim flow patterns,ready,76
29,DEV Community,attendee tracking wallet passes,Attendee Tracking With Wallet Passes: A Practical Event-Tech Pattern,Explain how wallet claims and pass events can support attendance visibility and downstream workflows,developers and event-tech builders,tutorial,Canonical if adapted,Reference ShowFi as a production-ready version,ready,75
30,DZone,event reminder retrieval architecture,Why Event Reminder Systems Need a Retrieval Layer,Strictly developer-first architecture piece on building recoverable event flows with email SMS calendar and wallet objects without turning the article into a marketing or SEO post,software developers and integration architects,technical article,Original on DZone first or a full rewrite elsewhere,Use author bio only and keep the body vendor-neutral,ready,74
31,Medium,agency reminder systems,Agencies Need Better Reminder Systems Than Email and SMS Alone,Agency-facing operator essay with client examples around booked calls and webinars,agency owners,essay,Canonical to ShowFi if republished,ShowFi fits agency funnels already built on GHL,ready,74
32,Indie Hackers,no-show reduction,What We Learn When We Treat No-Shows Like a Product Problem,Founder-style reflection on solving attendance instead of just generating more leads,founders and indie SaaS builders,community post,Unique version,Invite feedback and discussion before soft CTA,idea,70
33,HackerNoon,webinar funnel mechanics,Why Webinar Funnels Break Down in the Last 24 Hours,Tech-business explainer on the gap between registration and attendance,startup operators and growth builders,explainer,Original preferred,One relevant link to ShowFi max,idea,69
34,MarTech Series,attendance-focused reminders,The Next Reminder Channel for Marketers Is the Wallet,Category-creation thought leadership aimed at martech buyers and demand-gen leaders,martech buyers,guest article,Verify editorial requirements,ShowFi named once as implementation path,qualify,67
35,Customer Experience Update,cx attendance visibility,Why Event Attendance Is Really a Customer Experience Visibility Problem,Secondary syndication play once ShowFi has recurring original thought leadership with RSS,CX and service leaders,syndicated thought leadership,Original on ShowFi first then RSS syndication via partner blog,Bio or source-site CTA only,qualify,66
36,LinkedIn Newsletter,google wallet android reminders,Attendance Systems Issue 2: Android Coverage Changes the Attendance Math,Newsletter-native follow-up issue explaining why cross-platform wallet coverage matters when a meaningful share of registrants lives on Android and why reminder strategy should not stop at Apple Wallet,agency owners revops leaders and webinar operators,newsletter edition,Original only,Point readers to ShowFi only in the closing section as one implementation path,ready,81
